<testcase id="9">
<testrun date="Fri Jun  3 16:31:30 2016" executor="visres"parameter="">
<log>
<Element type="1" time="0">01</Element>
<Element type="1" time="0">02</Element>
<Element type="0" time="0">21 data1=10 data2=0 data3=0 data4=10</Element>
<Element type="1" time="0">01</Element>
<Element type="1" time="0">02</Element>
<Element type="0" time="0">21 data1=10 data2=0 data3=0 data4=10</Element>
</log>
</testrun>
</testcase>
<testcase id="8">
<testrun date="Fri Jun  3 16:31:30 2016" executor="visres"parameter="">
<log>
<Element type="1" time="0">01</Element>
<Element type="1" time="0">02</Element>
<Element type="0" time="0">21 data1=10 data2=0 data3=0 data4=10</Element>
<Element type="1" time="0">01</Element>
<Element type="1" time="0">02</Element>
<Element type="0" time="0">21 data1=10 data2=0 data3=0 data4=10</Element>
</log>
</testrun>
</testcase>
<testcase id="7">
<testrun date="Fri Jun  3 16:31:30 2016" executor="visres"parameter="">
<log>
<Element type="1" time="0">01</Element>
<Element type="1" time="0">02</Element>
<Element type="0" time="0">21 data1=10 data2=0 data3=0 data4=10</Element>
<Element type="1" time="0">03</Element>
<Element type="1" time="10">03</Element>
<Element type="1" time="20">03</Element>
<Element type="1" time="30">03</Element>
<Element type="1" time="40">03</Element>
<Element type="1" time="50">03</Element>
<Element type="1" time="60">03</Element>
<Element type="1" time="70">03</Element>
<Element type="1" time="80">03</Element>
<Element type="1" time="90">03</Element>
<Element type="1" time="100">03</Element>
<Element type="1" time="100">03</Element>
</log>
</testrun>
</testcase>
<testcase id="1">
<testrun date="Fri Jun  3 16:31:30 2016" executor="visres"parameter="">
<log>
<Element type="1" time="0">01</Element>
<Element type="1" time="0">02</Element>
<Element type="0" time="0">21 data1=10 data2=0 data3=0 data4=10</Element>
</log>
</testrun>
</testcase>
